unix_time,day,sensor_id,count,sensor_description,latitude,longitude
1454626800,Friday,4,310,Town Hall (West),-37.814879876,144.966087801
1454626800,Friday,17,75,Collins Place (South),-37.813625424,144.973235917
1454626800,Friday,18,18,Collins Place (North),-37.8134486107,144.973053539
1454626800,Friday,16,104,Australia on Collins,-37.8157342253,144.965210439
1454626800,Friday,2,53,Bourke Street Mall (South),-37.8138066724,144.965167186
1454626800,Friday,1,121,Bourke Street Mall (North),-37.8134944036,144.965153238
1454626800,Friday,13,58,Flagstaff Station,-37.812396787,144.956526528
1454626800,Friday,3,446,Melbourne Central,-37.8110152342,144.964294852
1454626800,Friday,15,117,State Library,-37.8106437831,144.964471323
1454626800,Friday,9,13,Southern Cross Station,-37.819829917,144.951025558
1454626800,Friday,10,6,Victoria Point,-37.8187647328,144.947105451
1454626800,Friday,12,19,New Quay,-37.814579872,144.942923981
1454626800,Friday,11,16,Waterfront City,-37.8156498889,144.939706948
1454626800,Friday,8,7,Webb Bridge,-37.8229354264,144.947175107
1454626800,Friday,7,59,Birrarung Marr,-37.8183237507,144.97141482
1454626800,Friday,5,220,Princes Bridge,-37.8187424894,144.967876563
1454626800,Friday,6,256,Flinders Street Station Underpass,-37.8191170445,144.965582559
1454626800,Friday,14,73,Sandridge Bridge,-37.8201124167,144.962918975
1454626800,Friday,26,110,QV Market-Elizabeth St (West),-37.8086954215,144.960494039
1454626800,Friday,24,119,Spencer St-Collins St (North),-37.8188796214,144.954491981
1454626800,Friday,23,63,Spencer St-Collins St (South),-37.8190925594,144.95452749
1454626800,Friday,25,45,Melbourne Convention Exhibition Centre,-37.8240177591,144.956044264
1454626800,Friday,21,257,Bourke St-Russell St (West),-37.8124470265,144.967787572
1454626800,Friday,20,128,Chinatown-Lt Bourke St (South),-37.8117291347,144.968246601
1454626800,Friday,19,163,Chinatown-Swanston St (North),-37.8123720171,144.965506711
1454626800,Friday,22,324,Flinders St-Elizabeth St (East),-37.8178644478,144.965068228
1454626800,Friday,27,13,QV Market-Peel St,-37.8060688792,144.95644693
1454626800,Friday,28,76,The Arts Centre,-37.8212992425,144.968793093
1454626800,Friday,31,136,Lygon St (West),-37.8016968047,144.966589115
1454626800,Friday,30,296,Lonsdale St (South),-37.811218492,144.966568066
1454626800,Friday,33,33,Flinders St-Spring St (West),-37.8148325158,144.974540557
1454626800,Friday,34,24,Flinders St-Spark La,-37.8153798501,144.974150496
1454626800,Friday,39,19,Alfred Place,-37.8137974851,144.969957454
1454626800,Friday,38,695,Flinders St-Swanston St (West),-37.8172343725,144.967150328
1454626800,Friday,37,48,Lygon St (East),-37.8031027095,144.966714517
1454626800,Friday,40,43,Lonsdale St-Spring St (West),-37.8099934058,144.972275879
1454626800,Friday,36,109,Queen St (West),-37.8165252683,144.961210625
1454626800,Friday,29,43,St Kilda Rd-Alexandra Gardens,-37.8196580838,144.968634533
1454626800,Friday,32,190,City Square,-37.8157374167,144.966857178
1454626800,Friday,42,11,Grattan St-Swanston St (West),-37.8000856548,144.963864122
1454626800,Friday,43,13,Monash Rd-Swanston St (West),-37.7984452525,144.964117822
1454626800,Friday,44,13,Tin Alley-Swanston St (West),-37.7969047301,144.964403781
1454630400,Friday,4,158,Town Hall (West),-37.814879876,144.966087801
1454630400,Friday,17,21,Collins Place (South),-37.813625424,144.973235917
1454630400,Friday,18,9,Collins Place (North),-37.8134486107,144.973053539
1454630400,Friday,16,54,Australia on Collins,-37.8157342253,144.965210439
1454630400,Friday,2,29,Bourke Street Mall (South),-37.8138066724,144.965167186
1454630400,Friday,1,106,Bourke Street Mall (North),-37.8134944036,144.965153238
1454630400,Friday,13,33,Flagstaff Station,-37.812396787,144.956526528
1454630400,Friday,3,232,Melbourne Central,-37.8110152342,144.964294852
1454630400,Friday,15,67,State Library,-37.8106437831,144.964471323
1454630400,Friday,9,7,Southern Cross Station,-37.819829917,144.951025558
1454630400,Friday,10,0,Victoria Point,-37.8187647328,144.947105451
1454630400,Friday,12,4,New Quay,-37.814579872,144.942923981
1454630400,Friday,11,2,Waterfront City,-37.8156498889,144.939706948
1454630400,Friday,8,4,Webb Bridge,-37.8229354264,144.947175107
1454630400,Friday,7,39,Birrarung Marr,-37.8183237507,144.97141482
1454630400,Friday,5,69,Princes Bridge,-37.8187424894,144.967876563
1454630400,Friday,6,99,Flinders Street Station Underpass,-37.8191170445,144.965582559
1454630400,Friday,14,28,Sandridge Bridge,-37.8201124167,144.962918975
1454630400,Friday,26,78,QV Market-Elizabeth St (West),-37.8086954215,144.960494039
1454630400,Friday,24,59,Spencer St-Collins St (North),-37.8188796214,144.954491981
1454630400,Friday,23,18,Spencer St-Collins St (South),-37.8190925594,144.95452749
1454630400,Friday,25,29,Melbourne Convention Exhibition Centre,-37.8240177591,144.956044264
1454630400,Friday,21,191,Bourke St-Russell St (West),-37.8124470265,144.967787572
1454630400,Friday,20,76,Chinatown-Lt Bourke St (South),-37.8117291347,144.968246601
1454630400,Friday,19,157,Chinatown-Swanston St (North),-37.8123720171,144.965506711
1454630400,Friday,22,175,Flinders St-Elizabeth St (East),-37.8178644478,144.965068228
1454630400,Friday,27,10,QV Market-Peel St,-37.8060688792,144.95644693
1454630400,Friday,28,40,The Arts Centre,-37.8212992425,144.968793093
1454630400,Friday,31,27,Lygon St (West),-37.8016968047,144.966589115
1454630400,Friday,30,185,Lonsdale St (South),-37.811218492,144.966568066
1454630400,Friday,33,29,Flinders St-Spring St (West),-37.8148325158,144.974540557
1454630400,Friday,34,21,Flinders St-Spark La,-37.8153798501,144.974150496
1454630400,Friday,39,22,Alfred Place,-37.8137974851,144.969957454
1454630400,Friday,38,224,Flinders St-Swanston St (West),-37.8172343725,144.967150328
1454630400,Friday,37,17,Lygon St (East),-37.8031027095,144.966714517
1454630400,Friday,40,4,Lonsdale St-Spring St (West),-37.8099934058,144.972275879
1454630400,Friday,36,14,Queen St (West),-37.8165252683,144.961210625
1454630400,Friday,29,24,St Kilda Rd-Alexandra Gardens,-37.8196580838,144.968634533
1454630400,Friday,32,85,City Square,-37.8157374167,144.966857178
1454630400,Friday,42,5,Grattan St-Swanston St (West),-37.8000856548,144.963864122
1454630400,Friday,43,1,Monash Rd-Swanston St (West),-37.7984452525,144.964117822
1454630400,Friday,44,2,Tin Alley-Swanston St (West),-37.7969047301,144.964403781
1454634000,Friday,4,98,Town Hall (West),-37.814879876,144.966087801
1454634000,Friday,17,24,Collins Place (South),-37.813625424,144.973235917
1454634000,Friday,18,8,Collins Place (North),-37.8134486107,144.973053539
1454634000,Friday,16,40,Australia on Collins,-37.8157342253,144.965210439
1454634000,Friday,2,21,Bourke Street Mall (South),-37.8138066724,144.965167186
1454634000,Friday,1,74,Bourke Street Mall (North),-37.8134944036,144.965153238
1454634000,Friday,13,29,Flagstaff Station,-37.812396787,144.956526528
1454634000,Friday,3,123,Melbourne Central,-37.8110152342,144.964294852
1454634000,Friday,15,44,State Library,-37.8106437831,144.964471323
1454634000,Friday,9,3,Southern Cross Station,-37.819829917,144.951025558
1454634000,Friday,10,0,Victoria Point,-37.8187647328,144.947105451
1454634000,Friday,12,9,New Quay,-37.814579872,144.942923981
1454634000,Friday,11,5,Waterfront City,-37.8156498889,144.939706948
1454634000,Friday,8,2,Webb Bridge,-37.8229354264,144.947175107
1454634000,Friday,7,20,Birrarung Marr,-37.8183237507,144.97141482
1454634000,Friday,5,53,Princes Bridge,-37.8187424894,144.967876563
1454634000,Friday,6,46,Flinders Street Station Underpass,-37.8191170445,144.965582559
1454634000,Friday,14,14,Sandridge Bridge,-37.8201124167,144.962918975
1454634000,Friday,26,52,QV Market-Elizabeth St (West),-37.8086954215,144.960494039
1454634000,Friday,24,40,Spencer St-Collins St (North),-37.8188796214,144.954491981
1454634000,Friday,23,7,Spencer St-Collins St (South),-37.8190925594,144.95452749
1454634000,Friday,25,22,Melbourne Convention Exhibition Centre,-37.8240177591,144.956044264
1454634000,Friday,21,166,Bourke St-Russell St (West),-37.8124470265,144.967787572
1454634000,Friday,20,81,Chinatown-Lt Bourke St (South),-37.8117291347,144.968246601
1454634000,Friday,19,72,Chinatown-Swanston St (North),-37.8123720171,144.965506711
1454634000,Friday,22,147,Flinders St-Elizabeth St (East),-37.8178644478,144.965068228
1454634000,Friday,27,15,QV Market-Peel St,-37.8060688792,144.95644693
1454634000,Friday,28,33,The Arts Centre,-37.8212992425,144.968793093
1454634000,Friday,31,9,Lygon St (West),-37.8016968047,144.966589115
1454634000,Friday,30,91,Lonsdale St (South),-37.811218492,144.966568066
1454634000,Friday,33,8,Flinders St-Spring St (West),-37.8148325158,144.974540557
1454634000,Friday,34,8,Flinders St-Spark La,-37.8153798501,144.974150496
1454634000,Friday,39,4,Alfred Place,-37.8137974851,144.969957454
1454634000,Friday,38,175,Flinders St-Swanston St (West),-37.8172343725,144.967150328
1454634000,Friday,37,8,Lygon St (East),-37.8031027095,144.966714517
1454634000,Friday,40,6,Lonsdale St-Spring St (West),-37.8099934058,144.972275879
1454634000,Friday,36,14,Queen St (West),-37.8165252683,144.961210625
1454634000,Friday,29,19,St Kilda Rd-Alexandra Gardens,-37.8196580838,144.968634533
1454634000,Friday,32,50,City Square,-37.8157374167,144.966857178
1454634000,Friday,42,6,Grattan St-Swanston St (West),-37.8000856548,144.963864122
1454634000,Friday,43,1,Monash Rd-Swanston St (West),-37.7984452525,144.964117822
1454634000,Friday,44,0,Tin Alley-Swanston St (West),-37.7969047301,144.964403781
1454637600,Friday,12,3,New Quay,-37.814579872,144.942923981
1454637600,Friday,11,0,Waterfront City,-37.8156498889,144.939706948
1454637600,Friday,8,2,Webb Bridge,-37.8229354264,144.947175107
1454637600,Friday,4,111,Town Hall (West),-37.814879876,144.966087801
1454637600,Friday,17,8,Collins Place (South),-37.813625424,144.973235917
1454637600,Friday,18,8,Collins Place (North),-37.8134486107,144.973053539
1454637600,Friday,16,38,Australia on Collins,-37.8157342253,144.965210439
1454637600,Friday,2,24,Bourke Street Mall (South),-37.8138066724,144.965167186
1454637600,Friday,1,77,Bourke Street Mall (North),-37.8134944036,144.965153238
1454637600,Friday,13,19,Flagstaff Station,-37.812396787,144.956526528
1454637600,Friday,3,146,Melbourne Central,-37.8110152342,144.964294852
1454637600,Friday,15,19,State Library,-37.8106437831,144.964471323
1454637600,Friday,9,2,Southern Cross Station,-37.819829917,144.951025558
1454637600,Friday,10,1,Victoria Point,-37.8187647328,144.947105451
1454637600,Friday,7,14,Birrarung Marr,-37.8183237507,144.97141482
1454637600,Friday,5,52,Princes Bridge,-37.8187424894,144.967876563
1454637600,Friday,6,40,Flinders Street Station Underpass,-37.8191170445,144.965582559
1454637600,Friday,14,14,Sandridge Bridge,-37.8201124167,144.962918975
1454637600,Friday,26,36,QV Market-Elizabeth St (West),-37.8086954215,144.960494039
1454637600,Friday,24,23,Spencer St-Collins St (North),-37.8188796214,144.954491981
1454637600,Friday,23,23,Spencer St-Collins St (South),-37.8190925594,144.95452749
1454637600,Friday,25,14,Melbourne Convention Exhibition Centre,-37.8240177591,144.956044264
1454637600,Friday,21,164,Bourke St-Russell St (West),-37.8124470265,144.967787572
1454637600,Friday,20,71,Chinatown-Lt Bourke St (South),-37.8117291347,144.968246601
1454637600,Friday,19,46,Chinatown-Swanston St (North),-37.8123720171,144.965506711
1454637600,Friday,22,107,Flinders St-Elizabeth St (East),-37.8178644478,144.965068228
1454637600,Friday,27,7,QV Market-Peel St,-37.8060688792,144.95644693
1454637600,Friday,28,40,The Arts Centre,-37.8212992425,144.968793093
1454637600,Friday,31,9,Lygon St (West),-37.8016968047,144.966589115
1454637600,Friday,30,121,Lonsdale St (South),-37.811218492,144.966568066
1454637600,Friday,33,1,Flinders St-Spring St (West),-37.8148325158,144.974540557
1454637600,Friday,34,4,Flinders St-Spark La,-37.8153798501,144.974150496
1454637600,Friday,39,0,Alfred Place,-37.8137974851,144.969957454
1454637600,Friday,38,143,Flinders St-Swanston St (West),-37.8172343725,144.967150328
1454637600,Friday,37,11,Lygon St (East),-37.8031027095,144.966714517
1454637600,Friday,40,5,Lonsdale St-Spring St (West),-37.8099934058,144.972275879
1454637600,Friday,36,8,Queen St (West),-37.8165252683,144.961210625
1454637600,Friday,29,25,St Kilda Rd-Alexandra Gardens,-37.8196580838,144.968634533
1454637600,Friday,32,36,City Square,-37.8157374167,144.966857178
1454637600,Friday,42,1,Grattan St-Swanston St (West),-37.8000856548,144.963864122
1454637600,Friday,43,4,Monash Rd-Swanston St (West),-37.7984452525,144.964117822
1454637600,Friday,44,4,Tin Alley-Swanston St (West),-37.7969047301,144.964403781
1454641200,Friday,12,9,New Quay,-37.814579872,144.942923981
1454641200,Friday,4,85,Town Hall (West),-37.814879876,144.966087801
1454641200,Friday,17,17,Collins Place (South),-37.813625424,144.973235917
1454641200,Friday,18,6,Collins Place (North),-37.8134486107,144.973053539
1454641200,Friday,16,13,Australia on Collins,-37.8157342253,144.965210439
1454641200,Friday,2,10,Bourke Street Mall (South),-37.8138066724,144.965167186
1454641200,Friday,1,23,Bourke Street Mall (North),-37.8134944036,144.965153238
1454641200,Friday,13,19,Flagstaff Station,-37.812396787,144.956526528
1454641200,Friday,3,82,Melbourne Central,-37.8110152342,144.964294852
1454641200,Friday,15,37,State Library,-37.8106437831,144.964471323
1454641200,Friday,9,3,Southern Cross Station,-37.819829917,144.951025558
1454641200,Friday,10,0,Victoria Point,-37.8187647328,144.947105451
1454641200,Friday,11,4,Waterfront City,-37.8156498889,144.939706948
1454641200,Friday,8,3,Webb Bridge,-37.8229354264,144.947175107
1454641200,Friday,7,50,Birrarung Marr,-37.8183237507,144.97141482
1454641200,Friday,5,60,Princes Bridge,-37.8187424894,144.967876563
1454641200,Friday,6,81,Flinders Street Station Underpass,-37.8191170445,144.965582559
1454641200,Friday,14,37,Sandridge Bridge,-37.8201124167,144.962918975
1454641200,Friday,26,53,QV Market-Elizabeth St (West),-37.8086954215,144.960494039
1454641200,Friday,24,35,Spencer St-Collins St (North),-37.8188796214,144.954491981
1454641200,Friday,23,20,Spencer St-Collins St (South),-37.8190925594,144.95452749
1454641200,Friday,25,15,Melbourne Convention Exhibition Centre,-37.8240177591,144.956044264
1454641200,Friday,21,68,Bourke St-Russell St (West),-37.8124470265,144.967787572
1454641200,Friday,20,37,Chinatown-Lt Bourke St (South),-37.8117291347,144.968246601
1454641200,Friday,19,33,Chinatown-Swanston St (North),-37.8123720171,144.965506711
1454641200,Friday,22,53,Flinders St-Elizabeth St (East),-37.8178644478,144.965068228
1454641200,Friday,27,6,QV Market-Peel St,-37.8060688792,144.95644693
1454641200,Friday,28,57,The Arts Centre,-37.8212992425,144.968793093
1454641200,Friday,31,6,Lygon St (West),-37.8016968047,144.966589115
1454641200,Friday,30,92,Lonsdale St (South),-37.811218492,144.966568066
1454641200,Friday,33,5,Flinders St-Spring St (West),-37.8148325158,144.974540557
1454641200,Friday,34,9,Flinders St-Spark La,-37.8153798501,144.974150496
1454641200,Friday,39,5,Alfred Place,-37.8137974851,144.969957454
1454641200,Friday,38,192,Flinders St-Swanston St (West),-37.8172343725,144.967150328
1454641200,Friday,37,2,Lygon St (East),-37.8031027095,144.966714517
1454641200,Friday,40,2,Lonsdale St-Spring St (West),-37.8099934058,144.972275879
1454641200,Friday,36,0,Queen St (West),-37.8165252683,144.961210625
1454641200,Friday,29,11,St Kilda Rd-Alexandra Gardens,-37.8196580838,144.968634533
1454641200,Friday,32,41,City Square,-37.8157374167,144.966857178
1454641200,Friday,42,4,Grattan St-Swanston St (West),-37.8000856548,144.963864122
1454641200,Friday,43,0,Monash Rd-Swanston St (West),-37.7984452525,144.964117822
1454641200,Friday,44,0,Tin Alley-Swanston St (West),-37.7969047301,144.964403781
1454644800,Friday,4,127,Town Hall (West),-37.814879876,144.966087801
1454644800,Friday,17,49,Collins Place (South),-37.813625424,144.973235917
1454644800,Friday,18,23,Collins Place (North),-37.8134486107,144.973053539
1454644800,Friday,16,28,Australia on Collins,-37.8157342253,144.965210439
1454644800,Friday,2,43,Bourke Street Mall (South),-37.8138066724,144.965167186
1454644800,Friday,1,71,Bourke Street Mall (North),-37.8134944036,144.965153238
1454644800,Friday,13,121,Flagstaff Station,-37.812396787,144.956526528
1454644800,Friday,3,102,Melbourne Central,-37.8110152342,144.964294852
1454644800,Friday,15,49,State Library,-37.8106437831,144.964471323
1454644800,Friday,9,52,Southern Cross Station,-37.819829917,144.951025558
1454644800,Friday,10,22,Victoria Point,-37.8187647328,144.947105451
1454644800,Friday,12,12,New Quay,-37.814579872,144.942923981
1454644800,Friday,11,5,Waterfront City,-37.8156498889,144.939706948
1454644800,Friday,8,38,Webb Bridge,-37.8229354264,144.947175107
1454644800,Friday,7,48,Birrarung Marr,-37.8183237507,144.97141482
1454644800,Friday,5,95,Princes Bridge,-37.8187424894,144.967876563
1454644800,Friday,6,201,Flinders Street Station Underpass,-37.8191170445,144.965582559
1454644800,Friday,14,82,Sandridge Bridge,-37.8201124167,144.962918975
1454644800,Friday,26,92,QV Market-Elizabeth St (West),-37.8086954215,144.960494039
1454644800,Friday,24,207,Spencer St-Collins St (North),-37.8188796214,144.954491981
1454644800,Friday,23,42,Spencer St-Collins St (South),-37.8190925594,144.95452749
1454644800,Friday,25,59,Melbourne Convention Exhibition Centre,-37.8240177591,144.956044264
1454644800,Friday,21,55,Bourke St-Russell St (West),-37.8124470265,144.967787572
1454644800,Friday,20,11,Chinatown-Lt Bourke St (South),-37.8117291347,144.968246601
1454644800,Friday,19,13,Chinatown-Swanston St (North),-37.8123720171,144.965506711
1454644800,Friday,22,135,Flinders St-Elizabeth St (East),-37.8178644478,144.965068228
1454644800,Friday,27,9,QV Market-Peel St,-37.8060688792,144.95644693
1454644800,Friday,28,116,The Arts Centre,-37.8212992425,144.968793093
1454644800,Friday,31,20,Lygon St (West),-37.8016968047,144.966589115
1454644800,Friday,30,46,Lonsdale St (South),-37.811218492,144.966568066
1454644800,Friday,33,15,Flinders St-Spring St (West),-37.8148325158,144.974540557
1454644800,Friday,34,24,Flinders St-Spark La,-37.8153798501,144.974150496
1454644800,Friday,39,20,Alfred Place,-37.8137974851,144.969957454
1454644800,Friday,38,346,Flinders St-Swanston St (West),-37.8172343725,144.967150328
1454644800,Friday,37,6,Lygon St (East),-37.8031027095,144.966714517
1454644800,Friday,40,10,Lonsdale St-Spring St (West),-37.8099934058,144.972275879
1454644800,Friday,36,9,Queen St (West),-37.8165252683,144.961210625
1454644800,Friday,29,58,St Kilda Rd-Alexandra Gardens,-37.8196580838,144.968634533
1454644800,Friday,32,44,City Square,-37.8157374167,144.966857178
1454644800,Friday,42,4,Grattan St-Swanston St (West),-37.8000856548,144.963864122
1454644800,Friday,43,1,Monash Rd-Swanston St (West),-37.7984452525,144.964117822
1454644800,Friday,44,3,Tin Alley-Swanston St (West),-37.7969047301,144.964403781
1454648400,Friday,4,191,Town Hall (West),-37.814879876,144.966087801
1454648400,Friday,17,234,Collins Place (South),-37.813625424,144.973235917
1454648400,Friday,18,175,Collins Place (North),-37.8134486107,144.973053539
1454648400,Friday,16,84,Australia on Collins,-37.8157342253,144.965210439
1454648400,Friday,2,86,Bourke Street Mall (South),-37.8138066724,144.965167186
1454648400,Friday,1,84,Bourke Street Mall (North),-37.8134944036,144.965153238
1454648400,Friday,13,703,Flagstaff Station,-37.812396787,144.956526528
1454648400,Friday,3,151,Melbourne Central,-37.8110152342,144.964294852
1454648400,Friday,15,79,State Library,-37.8106437831,144.964471323
1454648400,Friday,9,388,Southern Cross Station,-37.819829917,144.951025558
1454648400,Friday,10,109,Victoria Point,-37.8187647328,144.947105451
1454648400,Friday,12,88,New Quay,-37.814579872,144.942923981
1454648400,Friday,11,35,Waterfront City,-37.8156498889,144.939706948
1454648400,Friday,8,138,Webb Bridge,-37.8229354264,144.947175107
1454648400,Friday,7,192,Birrarung Marr,-37.8183237507,144.97141482
1454648400,Friday,5,351,Princes Bridge,-37.8187424894,144.967876563
1454648400,Friday,6,468,Flinders Street Station Underpass,-37.8191170445,144.965582559
1454648400,Friday,14,284,Sandridge Bridge,-37.8201124167,144.962918975
1454648400,Friday,26,140,QV Market-Elizabeth St (West),-37.8086954215,144.960494039
1454648400,Friday,24,646,Spencer St-Collins St (North),-37.8188796214,144.954491981
1454648400,Friday,23,213,Spencer St-Collins St (South),-37.8190925594,144.95452749
1454648400,Friday,25,200,Melbourne Convention Exhibition Centre,-37.8240177591,144.956044264
1454648400,Friday,21,138,Bourke St-Russell St (West),-37.8124470265,144.967787572
1454648400,Friday,20,21,Chinatown-Lt Bourke St (South),-37.8117291347,144.968246601
1454648400,Friday,19,26,Chinatown-Swanston St (North),-37.8123720171,144.965506711
1454648400,Friday,22,496,Flinders St-Elizabeth St (East),-37.8178644478,144.965068228
1454648400,Friday,27,39,QV Market-Peel St,-37.8060688792,144.95644693
1454648400,Friday,28,366,The Arts Centre,-37.8212992425,144.968793093
1454648400,Friday,31,36,Lygon St (West),-37.8016968047,144.966589115
1454648400,Friday,30,54,Lonsdale St (South),-37.811218492,144.966568066
1454648400,Friday,33,100,Flinders St-Spring St (West),-37.8148325158,144.974540557
1454648400,Friday,34,55,Flinders St-Spark La,-37.8153798501,144.974150496
1454648400,Friday,39,74,Alfred Place,-37.8137974851,144.969957454
1454648400,Friday,38,701,Flinders St-Swanston St (West),-37.8172343725,144.967150328
1454648400,Friday,37,10,Lygon St (East),-37.8031027095,144.966714517
1454648400,Friday,40,71,Lonsdale St-Spring St (West),-37.8099934058,144.972275879
1454648400,Friday,36,59,Queen St (West),-37.8165252683,144.961210625
1454648400,Friday,29,150,St Kilda Rd-Alexandra Gardens,-37.8196580838,144.968634533
1454648400,Friday,32,181,City Square,-37.8157374167,144.966857178
1454648400,Friday,42,41,Grattan St-Swanston St (West),-37.8000856548,144.963864122
1454648400,Friday,43,39,Monash Rd-Swanston St (West),-37.7984452525,144.964117822
1454648400,Friday,44,17,Tin Alley-Swanston St (West),-37.7969047301,144.964403781
1454652000,Friday,4,478,Town Hall (West),-37.814879876,144.966087801
1454652000,Friday,17,767,Collins Place (South),-37.813625424,144.973235917
1454652000,Friday,18,683,Collins Place (North),-37.8134486107,144.973053539
1454652000,Friday,16,353,Australia on Collins,-37.8157342253,144.965210439
1454652000,Friday,2,248,Bourke Street Mall (South),-37.8138066724,144.965167186
1454652000,Friday,1,263,Bourke Street Mall (North),-37.8134944036,144.965153238
1454652000,Friday,13,2159,Flagstaff Station,-37.812396787,144.956526528
1454652000,Friday,3,370,Melbourne Central,-37.8110152342,144.964294852
1454652000,Friday,15,294,State Library,-37.8106437831,144.964471323
1454652000,Friday,9,1389,Southern Cross Station,-37.819829917,144.951025558
1454652000,Friday,10,298,Victoria Point,-37.8187647328,144.947105451
1454652000,Friday,12,192,New Quay,-37.814579872,144.942923981
1454652000,Friday,11,93,Waterfront City,-37.8156498889,144.939706948
1454652000,Friday,8,266,Webb Bridge,-37.8229354264,144.947175107
1454652000,Friday,7,469,Birrarung Marr,-37.8183237507,144.97141482
1454652000,Friday,5,1058,Princes Bridge,-37.8187424894,144.967876563
1454652000,Friday,6,0,Flinders Street Station Underpass,-37.8191170445,144.965582559
1454652000,Friday,14,562,Sandridge Bridge,-37.8201124167,144.962918975
1454652000,Friday,26,306,QV Market-Elizabeth St (West),-37.8086954215,144.960494039
1454652000,Friday,24,2036,Spencer St-Collins St (North),-37.8188796214,144.954491981
1454652000,Friday,23,618,Spencer St-Collins St (South),-37.8190925594,144.95452749
1454652000,Friday,25,541,Melbourne Convention Exhibition Centre,-37.8240177591,144.956044264
1454652000,Friday,21,189,Bourke St-Russell St (West),-37.8124470265,144.967787572
1454652000,Friday,20,53,Chinatown-Lt Bourke St (South),-37.8117291347,144.968246601
1454652000,Friday,19,46,Chinatown-Swanston St (North),-37.8123720171,144.965506711
1454652000,Friday,22,1232,Flinders St-Elizabeth St (East),-37.8178644478,144.965068228
1454652000,Friday,27,72,QV Market-Peel St,-37.8060688792,144.95644693
1454652000,Friday,28,1123,The Arts Centre,-37.8212992425,144.968793093
1454652000,Friday,31,114,Lygon St (West),-37.8016968047,144.966589115
1454652000,Friday,30,246,Lonsdale St (South),-37.811218492,144.966568066
1454652000,Friday,33,341,Flinders St-Spring St (West),-37.8148325158,144.974540557
1454652000,Friday,34,141,Flinders St-Spark La,-37.8153798501,144.974150496
1454652000,Friday,39,248,Alfred Place,-37.8137974851,144.969957454
1454652000,Friday,38,1658,Flinders St-Swanston St (West),-37.8172343725,144.967150328
1454652000,Friday,37,49,Lygon St (East),-37.8031027095,144.966714517
1454652000,Friday,40,195,Lonsdale St-Spring St (West),-37.8099934058,144.972275879
1454652000,Friday,36,211,Queen St (West),-37.8165252683,144.961210625
1454652000,Friday,29,434,St Kilda Rd-Alexandra Gardens,-37.8196580838,144.968634533
1454652000,Friday,32,623,City Square,-37.8157374167,144.966857178
1454652000,Friday,42,97,Grattan St-Swanston St (West),-37.8000856548,144.963864122
1454652000,Friday,43,84,Monash Rd-Swanston St (West),-37.7984452525,144.964117822
1454652000,Friday,44,50,Tin Alley-Swanston St (West),-37.7969047301,144.964403781
1454655600,Friday,4,1010,Town Hall (West),-37.814879876,144.966087801
1454655600,Friday,17,2038,Collins Place (South),-37.813625424,144.973235917
1454655600,Friday,18,1697,Collins Place (North),-37.8134486107,144.973053539
1454655600,Friday,16,859,Australia on Collins,-37.8157342253,144.965210439
1454655600,Friday,2,506,Bourke Street Mall (South),-37.8138066724,144.965167186
1454655600,Friday,1,872,Bourke Street Mall (North),-37.8134944036,144.965153238
1454655600,Friday,13,5007,Flagstaff Station,-37.812396787,144.956526528
1454655600,Friday,3,808,Melbourne Central,-37.8110152342,144.964294852
1454655600,Friday,15,632,State Library,-37.8106437831,144.964471323
1454655600,Friday,9,2544,Southern Cross Station,-37.819829917,144.951025558
1454655600,Friday,10,490,Victoria Point,-37.8187647328,144.947105451
1454655600,Friday,12,326,New Quay,-37.814579872,144.942923981
1454655600,Friday,11,139,Waterfront City,-37.8156498889,144.939706948
1454655600,Friday,8,395,Webb Bridge,-37.8229354264,144.947175107
1454655600,Friday,7,797,Birrarung Marr,-37.8183237507,144.97141482
1454655600,Friday,5,1809,Princes Bridge,-37.8187424894,144.967876563
1454655600,Friday,6,150,Flinders Street Station Underpass,-37.8191170445,144.965582559
1454655600,Friday,14,1296,Sandridge Bridge,-37.8201124167,144.962918975
1454655600,Friday,26,577,QV Market-Elizabeth St (West),-37.8086954215,144.960494039
1454655600,Friday,24,3762,Spencer St-Collins St (North),-37.8188796214,144.954491981
1454655600,Friday,23,1374,Spencer St-Collins St (South),-37.8190925594,144.95452749
1454655600,Friday,25,852,Melbourne Convention Exhibition Centre,-37.8240177591,144.956044264
1454655600,Friday,21,313,Bourke St-Russell St (West),-37.8124470265,144.967787572
1454655600,Friday,20,144,Chinatown-Lt Bourke St (South),-37.8117291347,144.968246601
1454655600,Friday,19,237,Chinatown-Swanston St (North),-37.8123720171,144.965506711
1454655600,Friday,22,2387,Flinders St-Elizabeth St (East),-37.8178644478,144.965068228
1454655600,Friday,27,194,QV Market-Peel St,-37.8060688792,144.95644693
1454655600,Friday,28,1967,The Arts Centre,-37.8212992425,144.968793093
1454655600,Friday,31,186,Lygon St (West),-37.8016968047,144.966589115
1454655600,Friday,30,323,Lonsdale St (South),-37.811218492,144.966568066
1454655600,Friday,33,575,Flinders St-Spring St (West),-37.8148325158,144.974540557
1454655600,Friday,34,273,Flinders St-Spark La,-37.8153798501,144.974150496
1454655600,Friday,39,542,Alfred Place,-37.8137974851,144.969957454
1454655600,Friday,38,3155,Flinders St-Swanston St (West),-37.8172343725,144.967150328
1454655600,Friday,37,134,Lygon St (East),-37.8031027095,144.966714517
1454655600,Friday,40,623,Lonsdale St-Spring St (West),-37.8099934058,144.972275879
1454655600,Friday,36,624,Queen St (West),-37.8165252683,144.961210625
1454655600,Friday,29,590,St Kilda Rd-Alexandra Gardens,-37.8196580838,144.968634533
1454655600,Friday,32,1402,City Square,-37.8157374167,144.966857178
1454655600,Friday,42,234,Grattan St-Swanston St (West),-37.8000856548,144.963864122
1454655600,Friday,43,250,Monash Rd-Swanston St (West),-37.7984452525,144.964117822
1454655600,Friday,44,135,Tin Alley-Swanston St (West),-37.7969047301,144.964403781
1454659200,Friday,4,1058,Town Hall (West),-37.814879876,144.966087801
1454659200,Friday,17,1290,Collins Place (South),-37.813625424,144.973235917
1454659200,Friday,18,863,Collins Place (North),-37.8134486107,144.973053539
1454659200,Friday,16,839,Australia on Collins,-37.8157342253,144.965210439
1454659200,Friday,2,736,Bourke Street Mall (South),-37.8138066724,144.965167186
1454659200,Friday,1,989,Bourke Street Mall (North),-37.8134944036,144.965153238
1454659200,Friday,13,2548,Flagstaff Station,-37.812396787,144.956526528
1454659200,Friday,3,821,Melbourne Central,-37.8110152342,144.964294852
1454659200,Friday,15,632,State Library,-37.8106437831,144.964471323
1454659200,Friday,9,1302,Southern Cross Station,-37.819829917,144.951025558
1454659200,Friday,10,386,Victoria Point,-37.8187647328,144.947105451
1454659200,Friday,12,233,New Quay,-37.814579872,144.942923981
1454659200,Friday,11,89,Waterfront City,-37.8156498889,144.939706948
1454659200,Friday,8,181,Webb Bridge,-37.8229354264,144.947175107
1454659200,Friday,7,395,Birrarung Marr,-37.8183237507,144.97141482
1454659200,Friday,5,1195,Princes Bridge,-37.8187424894,144.967876563
1454659200,Friday,6,183,Flinders Street Station Underpass,-37.8191170445,144.965582559
1454659200,Friday,14,605,Sandridge Bridge,-37.8201124167,144.962918975
1454659200,Friday,26,657,QV Market-Elizabeth St (West),-37.8086954215,144.960494039
1454659200,Friday,24,2173,Spencer St-Collins St (North),-37.8188796214,144.954491981
1454659200,Friday,23,792,Spencer St-Collins St (South),-37.8190925594,144.95452749
1454659200,Friday,25,431,Melbourne Convention Exhibition Centre,-37.8240177591,144.956044264
1454659200,Friday,21,406,Bourke St-Russell St (West),-37.8124470265,144.967787572
1454659200,Friday,20,178,Chinatown-Lt Bourke St (South),-37.8117291347,144.968246601
1454659200,Friday,19,212,Chinatown-Swanston St (North),-37.8123720171,144.965506711
1454659200,Friday,22,1645,Flinders St-Elizabeth St (East),-37.8178644478,144.965068228
1454659200,Friday,27,116,QV Market-Peel St,-37.8060688792,144.95644693
1454659200,Friday,28,1239,The Arts Centre,-37.8212992425,144.968793093
1454659200,Friday,31,176,Lygon St (West),-37.8016968047,144.966589115
1454659200,Friday,30,349,Lonsdale St (South),-37.811218492,144.966568066
1454659200,Friday,33,300,Flinders St-Spring St (West),-37.8148325158,144.974540557
1454659200,Friday,34,217,Flinders St-Spark La,-37.8153798501,144.974150496
1454659200,Friday,39,532,Alfred Place,-37.8137974851,144.969957454
1454659200,Friday,38,2562,Flinders St-Swanston St (West),-37.8172343725,144.967150328
1454659200,Friday,37,142,Lygon St (East),-37.8031027095,144.966714517
1454659200,Friday,40,478,Lonsdale St-Spring St (West),-37.8099934058,144.972275879
1454659200,Friday,36,486,Queen St (West),-37.8165252683,144.961210625
1454659200,Friday,29,389,St Kilda Rd-Alexandra Gardens,-37.8196580838,144.968634533
1454659200,Friday,32,1104,City Square,-37.8157374167,144.966857178
1454659200,Friday,42,240,Grattan St-Swanston St (West),-37.8000856548,144.963864122
1454659200,Friday,43,329,Monash Rd-Swanston St (West),-37.7984452525,144.964117822
1454659200,Friday,44,162,Tin Alley-Swanston St (West),-37.7969047301,144.964403781
1454662800,Friday,4,1449,Town Hall (West),-37.814879876,144.966087801
1454662800,Friday,17,815,Collins Place (South),-37.813625424,144.973235917
1454662800,Friday,18,444,Collins Place (North),-37.8134486107,144.973053539
1454662800,Friday,16,1135,Australia on Collins,-37.8157342253,144.965210439
1454662800,Friday,2,1243,Bourke Street Mall (South),-37.8138066724,144.965167186
1454662800,Friday,1,1498,Bourke Street Mall (North),-37.8134944036,144.965153238
1454662800,Friday,13,1057,Flagstaff Station,-37.812396787,144.956526528
1454662800,Friday,3,940,Melbourne Central,-37.8110152342,144.964294852
1454662800,Friday,15,749,State Library,-37.8106437831,144.964471323
1454662800,Friday,9,454,Southern Cross Station,-37.819829917,144.951025558
1454662800,Friday,10,263,Victoria Point,-37.8187647328,144.947105451
1454662800,Friday,12,198,New Quay,-37.814579872,144.942923981
1454662800,Friday,11,54,Waterfront City,-37.8156498889,144.939706948
1454662800,Friday,8,163,Webb Bridge,-37.8229354264,144.947175107
1454662800,Friday,7,337,Birrarung Marr,-37.8183237507,144.97141482
1454662800,Friday,5,1156,Princes Bridge,-37.8187424894,144.967876563
1454662800,Friday,6,1055,Flinders Street Station Underpass,-37.8191170445,144.965582559
1454662800,Friday,14,381,Sandridge Bridge,-37.8201124167,144.962918975
1454662800,Friday,26,932,QV Market-Elizabeth St (West),-37.8086954215,144.960494039
1454662800,Friday,24,1626,Spencer St-Collins St (North),-37.8188796214,144.954491981
1454662800,Friday,23,566,Spencer St-Collins St (South),-37.8190925594,144.95452749
1454662800,Friday,25,454,Melbourne Convention Exhibition Centre,-37.8240177591,144.956044264
1454662800,Friday,21,454,Bourke St-Russell St (West),-37.8124470265,144.967787572
1454662800,Friday,20,240,Chinatown-Lt Bourke St (South),-37.8117291347,144.968246601
1454662800,Friday,19,401,Chinatown-Swanston St (North),-37.8123720171,144.965506711
1454662800,Friday,22,1486,Flinders St-Elizabeth St (East),-37.8178644478,144.965068228
1454662800,Friday,27,180,QV Market-Peel St,-37.8060688792,144.95644693
1454662800,Friday,28,862,The Arts Centre,-37.8212992425,144.968793093
1454662800,Friday,31,285,Lygon St (West),-37.8016968047,144.966589115
1454662800,Friday,30,369,Lonsdale St (South),-37.811218492,144.966568066
1454662800,Friday,33,221,Flinders St-Spring St (West),-37.8148325158,144.974540557
1454662800,Friday,34,139,Flinders St-Spark La,-37.8153798501,144.974150496
1454662800,Friday,39,401,Alfred Place,-37.8137974851,144.969957454
1454662800,Friday,38,2600,Flinders St-Swanston St (West),-37.8172343725,144.967150328
1454662800,Friday,37,148,Lygon St (East),-37.8031027095,144.966714517
1454662800,Friday,40,419,Lonsdale St-Spring St (West),-37.8099934058,144.972275879
1454662800,Friday,36,480,Queen St (West),-37.8165252683,144.961210625
1454662800,Friday,29,485,St Kilda Rd-Alexandra Gardens,-37.8196580838,144.968634533
1454662800,Friday,32,1242,City Square,-37.8157374167,144.966857178
1454662800,Friday,42,267,Grattan St-Swanston St (West),-37.8000856548,144.963864122
1454662800,Friday,43,219,Monash Rd-Swanston St (West),-37.7984452525,144.964117822
1454662800,Friday,44,119,Tin Alley-Swanston St (West),-37.7969047301,144.964403781
1454666400,Friday,4,2395,Town Hall (West),-37.814879876,144.966087801
1454666400,Friday,17,760,Collins Place (South),-37.813625424,144.973235917
1454666400,Friday,18,439,Collins Place (North),-37.8134486107,144.973053539
1454666400,Friday,16,1511,Australia on Collins,-37.8157342253,144.965210439
1454666400,Friday,2,1943,Bourke Street Mall (South),-37.8138066724,144.965167186
1454666400,Friday,1,2252,Bourke Street Mall (North),-37.8134944036,144.965153238
1454666400,Friday,13,781,Flagstaff Station,-37.812396787,144.956526528
1454666400,Friday,3,1051,Melbourne Central,-37.8110152342,144.964294852
1454666400,Friday,15,990,State Library,-37.8106437831,144.964471323
1454666400,Friday,9,522,Southern Cross Station,-37.819829917,144.951025558
1454666400,Friday,10,277,Victoria Point,-37.8187647328,144.947105451
1454666400,Friday,12,254,New Quay,-37.814579872,144.942923981
1454666400,Friday,11,95,Waterfront City,-37.8156498889,144.939706948
1454666400,Friday,8,215,Webb Bridge,-37.8229354264,144.947175107
1454666400,Friday,7,366,Birrarung Marr,-37.8183237507,144.97141482
1454666400,Friday,5,1387,Princes Bridge,-37.8187424894,144.967876563
1454666400,Friday,6,545,Flinders Street Station Underpass,-37.8191170445,144.965582559
1454666400,Friday,14,550,Sandridge Bridge,-37.8201124167,144.962918975
1454666400,Friday,26,1160,QV Market-Elizabeth St (West),-37.8086954215,144.960494039
1454666400,Friday,24,1630,Spencer St-Collins St (North),-37.8188796214,144.954491981
1454666400,Friday,23,702,Spencer St-Collins St (South),-37.8190925594,144.95452749
1454666400,Friday,25,615,Melbourne Convention Exhibition Centre,-37.8240177591,144.956044264
1454666400,Friday,21,659,Bourke St-Russell St (West),-37.8124470265,144.967787572
1454666400,Friday,20,340,Chinatown-Lt Bourke St (South),-37.8117291347,144.968246601
1454666400,Friday,19,610,Chinatown-Swanston St (North),-37.8123720171,144.965506711
1454666400,Friday,22,1804,Flinders St-Elizabeth St (East),-37.8178644478,144.965068228
1454666400,Friday,27,212,QV Market-Peel St,-37.8060688792,144.95644693
1454666400,Friday,28,1096,The Arts Centre,-37.8212992425,144.968793093
1454666400,Friday,31,260,Lygon St (West),-37.8016968047,144.966589115
1454666400,Friday,30,518,Lonsdale St (South),-37.811218492,144.966568066
1454666400,Friday,33,208,Flinders St-Spring St (West),-37.8148325158,144.974540557
1454666400,Friday,34,185,Flinders St-Spark La,-37.8153798501,144.974150496
1454666400,Friday,39,363,Alfred Place,-37.8137974851,144.969957454
1454666400,Friday,38,3018,Flinders St-Swanston St (West),-37.8172343725,144.967150328
1454666400,Friday,37,154,Lygon St (East),-37.8031027095,144.966714517
1454666400,Friday,40,507,Lonsdale St-Spring St (West),-37.8099934058,144.972275879
1454666400,Friday,36,507,Queen St (West),-37.8165252683,144.961210625
1454666400,Friday,29,583,St Kilda Rd-Alexandra Gardens,-37.8196580838,144.968634533
1454666400,Friday,32,1428,City Square,-37.8157374167,144.966857178
1454666400,Friday,42,421,Grattan St-Swanston St (West),-37.8000856548,144.963864122
1454666400,Friday,43,443,Monash Rd-Swanston St (West),-37.7984452525,144.964117822
1454666400,Friday,44,111,Tin Alley-Swanston St (West),-37.7969047301,144.964403781
1454670000,Friday,4,3418,Town Hall (West),-37.814879876,144.966087801
1454670000,Friday,17,1746,Collins Place (South),-37.813625424,144.973235917
1454670000,Friday,18,662,Collins Place (North),-37.8134486107,144.973053539
1454670000,Friday,16,2266,Australia on Collins,-37.8157342253,144.965210439
1454670000,Friday,2,3201,Bourke Street Mall (South),-37.8138066724,144.965167186
1454670000,Friday,1,3522,Bourke Street Mall (North),-37.8134944036,144.965153238
1454670000,Friday,13,1229,Flagstaff Station,-37.812396787,144.956526528
1454670000,Friday,3,2383,Melbourne Central,-37.8110152342,144.964294852
1454670000,Friday,15,1787,State Library,-37.8106437831,144.964471323
1454670000,Friday,9,1159,Southern Cross Station,-37.819829917,144.951025558
1454670000,Friday,10,637,Victoria Point,-37.8187647328,144.947105451
1454670000,Friday,12,453,New Quay,-37.814579872,144.942923981
1454670000,Friday,11,219,Waterfront City,-37.8156498889,144.939706948
1454670000,Friday,8,617,Webb Bridge,-37.8229354264,144.947175107
1454670000,Friday,7,693,Birrarung Marr,-37.8183237507,144.97141482
1454670000,Friday,5,2143,Princes Bridge,-37.8187424894,144.967876563
1454670000,Friday,6,0,Flinders Street Station Underpass,-37.8191170445,144.965582559
1454670000,Friday,14,755,Sandridge Bridge,-37.8201124167,144.962918975
1454670000,Friday,26,1810,QV Market-Elizabeth St (West),-37.8086954215,144.960494039
1454670000,Friday,24,2444,Spencer St-Collins St (North),-37.8188796214,144.954491981
1454670000,Friday,23,1046,Spencer St-Collins St (South),-37.8190925594,144.95452749
1454670000,Friday,25,857,Melbourne Convention Exhibition Centre,-37.8240177591,144.956044264
1454670000,Friday,21,1540,Bourke St-Russell St (West),-37.8124470265,144.967787572
1454670000,Friday,20,773,Chinatown-Lt Bourke St (South),-37.8117291347,144.968246601
1454670000,Friday,19,1373,Chinatown-Swanston St (North),-37.8123720171,144.965506711
1454670000,Friday,22,2695,Flinders St-Elizabeth St (East),-37.8178644478,144.965068228
1454670000,Friday,27,277,QV Market-Peel St,-37.8060688792,144.95644693
1454670000,Friday,28,1637,The Arts Centre,-37.8212992425,144.968793093
1454670000,Friday,31,475,Lygon St (West),-37.8016968047,144.966589115
1454670000,Friday,30,1084,Lonsdale St (South),-37.811218492,144.966568066
1454670000,Friday,33,376,Flinders St-Spring St (West),-37.8148325158,144.974540557
1454670000,Friday,34,289,Flinders St-Spark La,-37.8153798501,144.974150496
1454670000,Friday,39,950,Alfred Place,-37.8137974851,144.969957454
1454670000,Friday,38,4029,Flinders St-Swanston St (West),-37.8172343725,144.967150328
1454670000,Friday,37,400,Lygon St (East),-37.8031027095,144.966714517
1454670000,Friday,40,801,Lonsdale St-Spring St (West),-37.8099934058,144.972275879
1454670000,Friday,36,944,Queen St (West),-37.8165252683,144.961210625
1454670000,Friday,29,811,St Kilda Rd-Alexandra Gardens,-37.8196580838,144.968634533
1454670000,Friday,32,1951,City Square,-37.8157374167,144.966857178
1454670000,Friday,42,402,Grattan St-Swanston St (West),-37.8000856548,144.963864122
1454670000,Friday,43,393,Monash Rd-Swanston St (West),-37.7984452525,144.964117822
1454670000,Friday,44,159,Tin Alley-Swanston St (West),-37.7969047301,144.964403781
1454673600,Friday,4,3887,Town Hall (West),-37.814879876,144.966087801
1454673600,Friday,17,1676,Collins Place (South),-37.813625424,144.973235917
1454673600,Friday,18,705,Collins Place (North),-37.8134486107,144.973053539
1454673600,Friday,16,2439,Australia on Collins,-37.8157342253,144.965210439
1454673600,Friday,2,3542,Bourke Street Mall (South),-37.8138066724,144.965167186
1454673600,Friday,1,3769,Bourke Street Mall (North),-37.8134944036,144.965153238
1454673600,Friday,13,1485,Flagstaff Station,-37.812396787,144.956526528
1454673600,Friday,3,2468,Melbourne Central,-37.8110152342,144.964294852
1454673600,Friday,15,1822,State Library,-37.8106437831,144.964471323
1454673600,Friday,9,1084,Southern Cross Station,-37.819829917,144.951025558
1454673600,Friday,10,576,Victoria Point,-37.8187647328,144.947105451
1454673600,Friday,12,472,New Quay,-37.814579872,144.942923981
1454673600,Friday,11,232,Waterfront City,-37.8156498889,144.939706948
1454673600,Friday,8,564,Webb Bridge,-37.8229354264,144.947175107
1454673600,Friday,7,463,Birrarung Marr,-37.8183237507,144.97141482
1454673600,Friday,5,2276,Princes Bridge,-37.8187424894,144.967876563
1454673600,Friday,6,744,Flinders Street Station Underpass,-37.8191170445,144.965582559
1454673600,Friday,14,707,Sandridge Bridge,-37.8201124167,144.962918975
1454673600,Friday,26,1708,QV Market-Elizabeth St (West),-37.8086954215,144.960494039
1454673600,Friday,24,2286,Spencer St-Collins St (North),-37.8188796214,144.954491981
1454673600,Friday,23,1070,Spencer St-Collins St (South),-37.8190925594,144.95452749
1454673600,Friday,25,990,Melbourne Convention Exhibition Centre,-37.8240177591,144.956044264
1454673600,Friday,21,1623,Bourke St-Russell St (West),-37.8124470265,144.967787572
1454673600,Friday,20,785,Chinatown-Lt Bourke St (South),-37.8117291347,144.968246601
1454673600,Friday,19,1396,Chinatown-Swanston St (North),-37.8123720171,144.965506711
1454673600,Friday,22,2878,Flinders St-Elizabeth St (East),-37.8178644478,144.965068228
1454673600,Friday,27,259,QV Market-Peel St,-37.8060688792,144.95644693
1454673600,Friday,28,1922,The Arts Centre,-37.8212992425,144.968793093
1454673600,Friday,31,424,Lygon St (West),-37.8016968047,144.966589115
1454673600,Friday,30,1030,Lonsdale St (South),-37.811218492,144.966568066
1454673600,Friday,33,377,Flinders St-Spring St (West),-37.8148325158,144.974540557
1454673600,Friday,34,394,Flinders St-Spark La,-37.8153798501,144.974150496
1454673600,Friday,39,1009,Alfred Place,-37.8137974851,144.969957454
1454673600,Friday,38,4549,Flinders St-Swanston St (West),-37.8172343725,144.967150328
1454673600,Friday,37,411,Lygon St (East),-37.8031027095,144.966714517
1454673600,Friday,40,895,Lonsdale St-Spring St (West),-37.8099934058,144.972275879
1454673600,Friday,36,890,Queen St (West),-37.8165252683,144.961210625
1454673600,Friday,29,846,St Kilda Rd-Alexandra Gardens,-37.8196580838,144.968634533
1454673600,Friday,32,2172,City Square,-37.8157374167,144.966857178
1454673600,Friday,42,661,Grattan St-Swanston St (West),-37.8000856548,144.963864122
1454673600,Friday,43,704,Monash Rd-Swanston St (West),-37.7984452525,144.964117822
1454673600,Friday,44,238,Tin Alley-Swanston St (West),-37.7969047301,144.964403781
1454677200,Friday,4,3126,Town Hall (West),-37.814879876,144.966087801
1454677200,Friday,17,826,Collins Place (South),-37.813625424,144.973235917
1454677200,Friday,18,496,Collins Place (North),-37.8134486107,144.973053539
1454677200,Friday,16,1761,Australia on Collins,-37.8157342253,144.965210439
1454677200,Friday,2,2488,Bourke Street Mall (South),-37.8138066724,144.965167186
1454677200,Friday,1,3124,Bourke Street Mall (North),-37.8134944036,144.965153238
1454677200,Friday,13,1070,Flagstaff Station,-37.812396787,144.956526528
1454677200,Friday,3,2139,Melbourne Central,-37.8110152342,144.964294852
1454677200,Friday,15,1455,State Library,-37.8106437831,144.964471323
1454677200,Friday,9,706,Southern Cross Station,-37.819829917,144.951025558
1454677200,Friday,10,383,Victoria Point,-37.8187647328,144.947105451
1454677200,Friday,12,310,New Quay,-37.814579872,144.942923981
1454677200,Friday,11,137,Waterfront City,-37.8156498889,144.939706948
1454677200,Friday,8,235,Webb Bridge,-37.8229354264,144.947175107
1454677200,Friday,7,418,Birrarung Marr,-37.8183237507,144.97141482
1454677200,Friday,5,2090,Princes Bridge,-37.8187424894,144.967876563
1454677200,Friday,6,2016,Flinders Street Station Underpass,-37.8191170445,144.965582559
1454677200,Friday,14,669,Sandridge Bridge,-37.8201124167,144.962918975
1454677200,Friday,26,1099,QV Market-Elizabeth St (West),-37.8086954215,144.960494039
1454677200,Friday,24,2032,Spencer St-Collins St (North),-37.8188796214,144.954491981
1454677200,Friday,23,644,Spencer St-Collins St (South),-37.8190925594,144.95452749
1454677200,Friday,25,909,Melbourne Convention Exhibition Centre,-37.8240177591,144.956044264
1454677200,Friday,21,924,Bourke St-Russell St (West),-37.8124470265,144.967787572
1454677200,Friday,20,407,Chinatown-Lt Bourke St (South),-37.8117291347,144.968246601
1454677200,Friday,19,1084,Chinatown-Swanston St (North),-37.8123720171,144.965506711
1454677200,Friday,22,2520,Flinders St-Elizabeth St (East),-37.8178644478,144.965068228
1454677200,Friday,27,210,QV Market-Peel St,-37.8060688792,144.95644693
1454677200,Friday,28,1811,The Arts Centre,-37.8212992425,144.968793093
1454677200,Friday,31,362,Lygon St (West),-37.8016968047,144.966589115
1454677200,Friday,30,736,Lonsdale St (South),-37.811218492,144.966568066
1454677200,Friday,33,318,Flinders St-Spring St (West),-37.8148325158,144.974540557
1454677200,Friday,34,283,Flinders St-Spark La,-37.8153798501,144.974150496
1454677200,Friday,39,502,Alfred Place,-37.8137974851,144.969957454
1454677200,Friday,38,4025,Flinders St-Swanston St (West),-37.8172343725,144.967150328
1454677200,Friday,37,220,Lygon St (East),-37.8031027095,144.966714517
1454677200,Friday,40,489,Lonsdale St-Spring St (West),-37.8099934058,144.972275879
1454677200,Friday,36,490,Queen St (West),-37.8165252683,144.961210625
1454677200,Friday,29,776,St Kilda Rd-Alexandra Gardens,-37.8196580838,144.968634533
1454677200,Friday,32,1773,City Square,-37.8157374167,144.966857178
1454677200,Friday,42,363,Grattan St-Swanston St (West),-37.8000856548,144.963864122
1454677200,Friday,43,328,Monash Rd-Swanston St (West),-37.7984452525,144.964117822
1454677200,Friday,44,154,Tin Alley-Swanston St (West),-37.7969047301,144.964403781
1454680800,Friday,4,3270,Town Hall (West),-37.814879876,144.966087801
1454680800,Friday,17,719,Collins Place (South),-37.813625424,144.973235917
1454680800,Friday,18,587,Collins Place (North),-37.8134486107,144.973053539
1454680800,Friday,16,1532,Australia on Collins,-37.8157342253,144.965210439
1454680800,Friday,2,2452,Bourke Street Mall (South),-37.8138066724,144.965167186
1454680800,Friday,1,3095,Bourke Street Mall (North),-37.8134944036,144.965153238
1454680800,Friday,13,1370,Flagstaff Station,-37.812396787,144.956526528
1454680800,Friday,3,2114,Melbourne Central,-37.8110152342,144.964294852
1454680800,Friday,15,1469,State Library,-37.8106437831,144.964471323
1454680800,Friday,9,896,Southern Cross Station,-37.819829917,144.951025558
1454680800,Friday,10,307,Victoria Point,-37.8187647328,144.947105451
1454680800,Friday,12,350,New Quay,-37.814579872,144.942923981
1454680800,Friday,11,109,Waterfront City,-37.8156498889,144.939706948
1454680800,Friday,8,225,Webb Bridge,-37.8229354264,144.947175107
1454680800,Friday,7,424,Birrarung Marr,-37.8183237507,144.97141482
1454680800,Friday,5,2196,Princes Bridge,-37.8187424894,144.967876563
1454680800,Friday,6,114,Flinders Street Station Underpass,-37.8191170445,144.965582559
1454680800,Friday,14,710,Sandridge Bridge,-37.8201124167,144.962918975
1454680800,Friday,26,931,QV Market-Elizabeth St (West),-37.8086954215,144.960494039
1454680800,Friday,24,2067,Spencer St-Collins St (North),-37.8188796214,144.954491981
1454680800,Friday,23,670,Spencer St-Collins St (South),-37.8190925594,144.95452749
1454680800,Friday,25,877,Melbourne Convention Exhibition Centre,-37.8240177591,144.956044264
1454680800,Friday,21,884,Bourke St-Russell St (West),-37.8124470265,144.967787572
1454680800,Friday,20,291,Chinatown-Lt Bourke St (South),-37.8117291347,144.968246601
1454680800,Friday,19,979,Chinatown-Swanston St (North),-37.8123720171,144.965506711
1454680800,Friday,22,2677,Flinders St-Elizabeth St (East),-37.8178644478,144.965068228
1454680800,Friday,27,214,QV Market-Peel St,-37.8060688792,144.95644693
1454680800,Friday,28,1811,The Arts Centre,-37.8212992425,144.968793093
1454680800,Friday,31,415,Lygon St (West),-37.8016968047,144.966589115
1454680800,Friday,30,705,Lonsdale St (South),-37.811218492,144.966568066
1454680800,Friday,33,279,Flinders St-Spring St (West),-37.8148325158,144.974540557
1454680800,Friday,34,250,Flinders St-Spark La,-37.8153798501,144.974150496
1454680800,Friday,39,364,Alfred Place,-37.8137974851,144.969957454
1454680800,Friday,38,4586,Flinders St-Swanston St (West),-37.8172343725,144.967150328
1454680800,Friday,37,236,Lygon St (East),-37.8031027095,144.966714517
1454680800,Friday,40,516,Lonsdale St-Spring St (West),-37.8099934058,144.972275879
1454680800,Friday,36,407,Queen St (West),-37.8165252683,144.961210625
1454680800,Friday,29,795,St Kilda Rd-Alexandra Gardens,-37.8196580838,144.968634533
1454680800,Friday,32,1872,City Square,-37.8157374167,144.966857178
1454680800,Friday,42,357,Grattan St-Swanston St (West),-37.8000856548,144.963864122
1454680800,Friday,43,312,Monash Rd-Swanston St (West),-37.7984452525,144.964117822
1454680800,Friday,44,178,Tin Alley-Swanston St (West),-37.7969047301,144.964403781
1454684400,Friday,4,3537,Town Hall (West),-37.814879876,144.966087801
1454684400,Friday,17,720,Collins Place (South),-37.813625424,144.973235917
1454684400,Friday,18,982,Collins Place (North),-37.8134486107,144.973053539
1454684400,Friday,16,1483,Australia on Collins,-37.8157342253,144.965210439
1454684400,Friday,2,2436,Bourke Street Mall (South),-37.8138066724,144.965167186
1454684400,Friday,1,3349,Bourke Street Mall (North),-37.8134944036,144.965153238
1454684400,Friday,13,2307,Flagstaff Station,-37.812396787,144.956526528
1454684400,Friday,3,2313,Melbourne Central,-37.8110152342,144.964294852
1454684400,Friday,15,1558,State Library,-37.8106437831,144.964471323
1454684400,Friday,9,1768,Southern Cross Station,-37.819829917,144.951025558
1454684400,Friday,10,469,Victoria Point,-37.8187647328,144.947105451
1454684400,Friday,12,310,New Quay,-37.814579872,144.942923981
1454684400,Friday,11,142,Waterfront City,-37.8156498889,144.939706948
1454684400,Friday,8,327,Webb Bridge,-37.8229354264,144.947175107
1454684400,Friday,7,592,Birrarung Marr,-37.8183237507,144.97141482
1454684400,Friday,5,2593,Princes Bridge,-37.8187424894,144.967876563
1454684400,Friday,6,0,Flinders Street Station Underpass,-37.8191170445,144.965582559
1454684400,Friday,14,1000,Sandridge Bridge,-37.8201124167,144.962918975
1454684400,Friday,26,892,QV Market-Elizabeth St (West),-37.8086954215,144.960494039
1454684400,Friday,24,3215,Spencer St-Collins St (North),-37.8188796214,144.954491981
1454684400,Friday,23,659,Spencer St-Collins St (South),-37.8190925594,144.95452749
1454684400,Friday,25,903,Melbourne Convention Exhibition Centre,-37.8240177591,144.956044264
1454684400,Friday,21,948,Bourke St-Russell St (West),-37.8124470265,144.967787572
1454684400,Friday,20,296,Chinatown-Lt Bourke St (South),-37.8117291347,144.968246601
1454684400,Friday,19,1089,Chinatown-Swanston St (North),-37.8123720171,144.965506711
1454684400,Friday,22,3160,Flinders St-Elizabeth St (East),-37.8178644478,144.965068228
1454684400,Friday,27,188,QV Market-Peel St,-37.8060688792,144.95644693
1454684400,Friday,28,2219,The Arts Centre,-37.8212992425,144.968793093
1454684400,Friday,31,346,Lygon St (West),-37.8016968047,144.966589115
1454684400,Friday,30,741,Lonsdale St (South),-37.811218492,144.966568066
1454684400,Friday,33,380,Flinders St-Spring St (West),-37.8148325158,144.974540557
1454684400,Friday,34,301,Flinders St-Spark La,-37.8153798501,144.974150496
1454684400,Friday,39,359,Alfred Place,-37.8137974851,144.969957454
1454684400,Friday,38,5164,Flinders St-Swanston St (West),-37.8172343725,144.967150328
1454684400,Friday,37,189,Lygon St (East),-37.8031027095,144.966714517
1454684400,Friday,40,513,Lonsdale St-Spring St (West),-37.8099934058,144.972275879
1454684400,Friday,36,480,Queen St (West),-37.8165252683,144.961210625
1454684400,Friday,29,938,St Kilda Rd-Alexandra Gardens,-37.8196580838,144.968634533
1454684400,Friday,32,2125,City Square,-37.8157374167,144.966857178
1454684400,Friday,42,423,Grattan St-Swanston St (West),-37.8000856548,144.963864122
1454684400,Friday,43,416,Monash Rd-Swanston St (West),-37.7984452525,144.964117822
1454684400,Friday,44,198,Tin Alley-Swanston St (West),-37.7969047301,144.964403781
1454688000,Friday,4,3635,Town Hall (West),-37.814879876,144.966087801
1454688000,Friday,17,1299,Collins Place (South),-37.813625424,144.973235917
1454688000,Friday,18,1577,Collins Place (North),-37.8134486107,144.973053539
1454688000,Friday,16,1649,Australia on Collins,-37.8157342253,144.965210439
1454688000,Friday,2,2482,Bourke Street Mall (South),-37.8138066724,144.965167186
1454688000,Friday,1,3741,Bourke Street Mall (North),-37.8134944036,144.965153238
1454688000,Friday,13,3379,Flagstaff Station,-37.812396787,144.956526528
1454688000,Friday,3,2807,Melbourne Central,-37.8110152342,144.964294852
1454688000,Friday,15,2032,State Library,-37.8106437831,144.964471323
1454688000,Friday,9,2125,Southern Cross Station,-37.819829917,144.951025558
1454688000,Friday,10,768,Victoria Point,-37.8187647328,144.947105451
1454688000,Friday,12,526,New Quay,-37.814579872,144.942923981
1454688000,Friday,11,183,Waterfront City,-37.8156498889,144.939706948
1454688000,Friday,8,475,Webb Bridge,-37.8229354264,144.947175107
1454688000,Friday,7,878,Birrarung Marr,-37.8183237507,144.97141482
1454688000,Friday,5,3853,Princes Bridge,-37.8187424894,144.967876563
1454688000,Friday,6,5182,Flinders Street Station Underpass,-37.8191170445,144.965582559
1454688000,Friday,14,1535,Sandridge Bridge,-37.8201124167,144.962918975
1454688000,Friday,26,658,QV Market-Elizabeth St (West),-37.8086954215,144.960494039
1454688000,Friday,24,3877,Spencer St-Collins St (North),-37.8188796214,144.954491981
1454688000,Friday,23,905,Spencer St-Collins St (South),-37.8190925594,144.95452749
1454688000,Friday,25,1295,Melbourne Convention Exhibition Centre,-37.8240177591,144.956044264
1454688000,Friday,21,1154,Bourke St-Russell St (West),-37.8124470265,144.967787572
1454688000,Friday,20,456,Chinatown-Lt Bourke St (South),-37.8117291347,144.968246601
1454688000,Friday,19,1181,Chinatown-Swanston St (North),-37.8123720171,144.965506711
1454688000,Friday,22,3676,Flinders St-Elizabeth St (East),-37.8178644478,144.965068228
1454688000,Friday,27,182,QV Market-Peel St,-37.8060688792,144.95644693
1454688000,Friday,28,2770,The Arts Centre,-37.8212992425,144.968793093
1454688000,Friday,31,457,Lygon St (West),-37.8016968047,144.966589115
1454688000,Friday,30,1032,Lonsdale St (South),-37.811218492,144.966568066
1454688000,Friday,33,491,Flinders St-Spring St (West),-37.8148325158,144.974540557
1454688000,Friday,34,374,Flinders St-Spark La,-37.8153798501,144.974150496
1454688000,Friday,39,455,Alfred Place,-37.8137974851,144.969957454
1454688000,Friday,38,5875,Flinders St-Swanston St (West),-37.8172343725,144.967150328
1454688000,Friday,37,193,Lygon St (East),-37.8031027095,144.966714517
1454688000,Friday,40,784,Lonsdale St-Spring St (West),-37.8099934058,144.972275879
1454688000,Friday,36,714,Queen St (West),-37.8165252683,144.961210625
1454688000,Friday,29,1165,St Kilda Rd-Alexandra Gardens,-37.8196580838,144.968634533
1454688000,Friday,32,2948,City Square,-37.8157374167,144.966857178
1454688000,Friday,42,368,Grattan St-Swanston St (West),-37.8000856548,144.963864122
1454688000,Friday,43,309,Monash Rd-Swanston St (West),-37.7984452525,144.964117822
1454688000,Friday,44,177,Tin Alley-Swanston St (West),-37.7969047301,144.964403781
1454691600,Friday,4,3278,Town Hall (West),-37.814879876,144.966087801
1454691600,Friday,17,766,Collins Place (South),-37.813625424,144.973235917
1454691600,Friday,18,745,Collins Place (North),-37.8134486107,144.973053539
1454691600,Friday,16,1185,Australia on Collins,-37.8157342253,144.965210439
1454691600,Friday,2,2075,Bourke Street Mall (South),-37.8138066724,144.965167186
1454691600,Friday,1,3387,Bourke Street Mall (North),-37.8134944036,144.965153238
1454691600,Friday,13,1574,Flagstaff Station,-37.812396787,144.956526528
1454691600,Friday,3,2752,Melbourne Central,-37.8110152342,144.964294852
1454691600,Friday,15,1641,State Library,-37.8106437831,144.964471323
1454691600,Friday,9,791,Southern Cross Station,-37.819829917,144.951025558
1454691600,Friday,10,415,Victoria Point,-37.8187647328,144.947105451
1454691600,Friday,12,840,New Quay,-37.814579872,144.942923981
1454691600,Friday,11,294,Waterfront City,-37.8156498889,144.939706948
1454691600,Friday,8,307,Webb Bridge,-37.8229354264,144.947175107
1454691600,Friday,7,913,Birrarung Marr,-37.8183237507,144.97141482
1454691600,Friday,5,3546,Princes Bridge,-37.8187424894,144.967876563
1454691600,Friday,6,3509,Flinders Street Station Underpass,-37.8191170445,144.965582559
1454691600,Friday,14,999,Sandridge Bridge,-37.8201124167,144.962918975
1454691600,Friday,26,565,QV Market-Elizabeth St (West),-37.8086954215,144.960494039
1454691600,Friday,24,2461,Spencer St-Collins St (North),-37.8188796214,144.954491981
1454691600,Friday,23,478,Spencer St-Collins St (South),-37.8190925594,144.95452749
1454691600,Friday,25,1023,Melbourne Convention Exhibition Centre,-37.8240177591,144.956044264
1454691600,Friday,21,1265,Bourke St-Russell St (West),-37.8124470265,144.967787572
1454691600,Friday,20,726,Chinatown-Lt Bourke St (South),-37.8117291347,144.968246601
1454691600,Friday,19,1447,Chinatown-Swanston St (North),-37.8123720171,144.965506711
1454691600,Friday,22,2753,Flinders St-Elizabeth St (East),-37.8178644478,144.965068228
1454691600,Friday,27,219,QV Market-Peel St,-37.8060688792,144.95644693
1454691600,Friday,28,2573,The Arts Centre,-37.8212992425,144.968793093
1454691600,Friday,31,520,Lygon St (West),-37.8016968047,144.966589115
1454691600,Friday,30,972,Lonsdale St (South),-37.811218492,144.966568066
1454691600,Friday,33,322,Flinders St-Spring St (West),-37.8148325158,144.974540557
1454691600,Friday,34,385,Flinders St-Spark La,-37.8153798501,144.974150496
1454691600,Friday,39,292,Alfred Place,-37.8137974851,144.969957454
1454691600,Friday,38,5161,Flinders St-Swanston St (West),-37.8172343725,144.967150328
1454691600,Friday,37,281,Lygon St (East),-37.8031027095,144.966714517
1454691600,Friday,40,590,Lonsdale St-Spring St (West),-37.8099934058,144.972275879
1454691600,Friday,36,431,Queen St (West),-37.8165252683,144.961210625
1454691600,Friday,29,974,St Kilda Rd-Alexandra Gardens,-37.8196580838,144.968634533
1454691600,Friday,32,3000,City Square,-37.8157374167,144.966857178
1454691600,Friday,42,181,Grattan St-Swanston St (West),-37.8000856548,144.963864122
1454691600,Friday,43,154,Monash Rd-Swanston St (West),-37.7984452525,144.964117822
1454691600,Friday,44,132,Tin Alley-Swanston St (West),-37.7969047301,144.964403781
1454695200,Friday,4,2665,Town Hall (West),-37.814879876,144.966087801
1454695200,Friday,17,434,Collins Place (South),-37.813625424,144.973235917
1454695200,Friday,18,316,Collins Place (North),-37.8134486107,144.973053539
1454695200,Friday,16,741,Australia on Collins,-37.8157342253,144.965210439
1454695200,Friday,2,1483,Bourke Street Mall (South),-37.8138066724,144.965167186
1454695200,Friday,1,2702,Bourke Street Mall (North),-37.8134944036,144.965153238
1454695200,Friday,13,559,Flagstaff Station,-37.812396787,144.956526528
1454695200,Friday,3,2307,Melbourne Central,-37.8110152342,144.964294852
1454695200,Friday,15,1502,State Library,-37.8106437831,144.964471323
1454695200,Friday,9,338,Southern Cross Station,-37.819829917,144.951025558
1454695200,Friday,10,356,Victoria Point,-37.8187647328,144.947105451
1454695200,Friday,12,890,New Quay,-37.814579872,144.942923981
1454695200,Friday,11,328,Waterfront City,-37.8156498889,144.939706948
1454695200,Friday,8,234,Webb Bridge,-37.8229354264,144.947175107
1454695200,Friday,7,766,Birrarung Marr,-37.8183237507,144.97141482
1454695200,Friday,5,3255,Princes Bridge,-37.8187424894,144.967876563
1454695200,Friday,6,2659,Flinders Street Station Underpass,-37.8191170445,144.965582559
1454695200,Friday,14,946,Sandridge Bridge,-37.8201124167,144.962918975
1454695200,Friday,26,469,QV Market-Elizabeth St (West),-37.8086954215,144.960494039
1454695200,Friday,24,1394,Spencer St-Collins St (North),-37.8188796214,144.954491981
1454695200,Friday,23,300,Spencer St-Collins St (South),-37.8190925594,144.95452749
1454695200,Friday,25,972,Melbourne Convention Exhibition Centre,-37.8240177591,144.956044264
1454695200,Friday,21,1212,Bourke St-Russell St (West),-37.8124470265,144.967787572
1454695200,Friday,20,856,Chinatown-Lt Bourke St (South),-37.8117291347,144.968246601
1454695200,Friday,19,1564,Chinatown-Swanston St (North),-37.8123720171,144.965506711
1454695200,Friday,22,2236,Flinders St-Elizabeth St (East),-37.8178644478,144.965068228
1454695200,Friday,27,147,QV Market-Peel St,-37.8060688792,144.95644693
1454695200,Friday,28,3106,The Arts Centre,-37.8212992425,144.968793093
1454695200,Friday,31,735,Lygon St (West),-37.8016968047,144.966589115
1454695200,Friday,30,1024,Lonsdale St (South),-37.811218492,144.966568066
1454695200,Friday,33,214,Flinders St-Spring St (West),-37.8148325158,144.974540557
1454695200,Friday,34,305,Flinders St-Spark La,-37.8153798501,144.974150496
1454695200,Friday,39,256,Alfred Place,-37.8137974851,144.969957454
1454695200,Friday,38,4162,Flinders St-Swanston St (West),-37.8172343725,144.967150328
1454695200,Friday,37,325,Lygon St (East),-37.8031027095,144.966714517
1454695200,Friday,40,436,Lonsdale St-Spring St (West),-37.8099934058,144.972275879
1454695200,Friday,36,288,Queen St (West),-37.8165252683,144.961210625
1454695200,Friday,29,848,St Kilda Rd-Alexandra Gardens,-37.8196580838,144.968634533
1454695200,Friday,32,2659,City Square,-37.8157374167,144.966857178
1454695200,Friday,42,150,Grattan St-Swanston St (West),-37.8000856548,144.963864122
1454695200,Friday,43,120,Monash Rd-Swanston St (West),-37.7984452525,144.964117822
1454695200,Friday,44,75,Tin Alley-Swanston St (West),-37.7969047301,144.964403781
1454698800,Friday,4,2182,Town Hall (West),-37.814879876,144.966087801
1454698800,Friday,17,360,Collins Place (South),-37.813625424,144.973235917
1454698800,Friday,18,191,Collins Place (North),-37.8134486107,144.973053539
1454698800,Friday,16,539,Australia on Collins,-37.8157342253,144.965210439
1454698800,Friday,2,1035,Bourke Street Mall (South),-37.8138066724,144.965167186
1454698800,Friday,1,2164,Bourke Street Mall (North),-37.8134944036,144.965153238
1454698800,Friday,13,328,Flagstaff Station,-37.812396787,144.956526528
1454698800,Friday,3,2472,Melbourne Central,-37.8110152342,144.964294852
1454698800,Friday,15,1483,State Library,-37.8106437831,144.964471323
1454698800,Friday,9,245,Southern Cross Station,-37.819829917,144.951025558
1454698800,Friday,10,240,Victoria Point,-37.8187647328,144.947105451
1454698800,Friday,12,1052,New Quay,-37.814579872,144.942923981
1454698800,Friday,11,432,Waterfront City,-37.8156498889,144.939706948
1454698800,Friday,8,226,Webb Bridge,-37.8229354264,144.947175107
1454698800,Friday,7,426,Birrarung Marr,-37.8183237507,144.97141482
1454698800,Friday,5,2195,Princes Bridge,-37.8187424894,144.967876563
1454698800,Friday,6,2184,Flinders Street Station Underpass,-37.8191170445,144.965582559
1454698800,Friday,14,891,Sandridge Bridge,-37.8201124167,144.962918975
1454698800,Friday,26,410,QV Market-Elizabeth St (West),-37.8086954215,144.960494039
1454698800,Friday,24,1124,Spencer St-Collins St (North),-37.8188796214,144.954491981
1454698800,Friday,23,282,Spencer St-Collins St (South),-37.8190925594,144.95452749
1454698800,Friday,25,889,Melbourne Convention Exhibition Centre,-37.8240177591,144.956044264
1454698800,Friday,21,1235,Bourke St-Russell St (West),-37.8124470265,144.967787572
1454698800,Friday,20,1173,Chinatown-Lt Bourke St (South),-37.8117291347,144.968246601
1454698800,Friday,19,1507,Chinatown-Swanston St (North),-37.8123720171,144.965506711
1454698800,Friday,22,1898,Flinders St-Elizabeth St (East),-37.8178644478,144.965068228
1454698800,Friday,27,129,QV Market-Peel St,-37.8060688792,144.95644693
1454698800,Friday,28,1156,The Arts Centre,-37.8212992425,144.968793093
1454698800,Friday,31,958,Lygon St (West),-37.8016968047,144.966589115
1454698800,Friday,30,1150,Lonsdale St (South),-37.811218492,144.966568066
1454698800,Friday,33,142,Flinders St-Spring St (West),-37.8148325158,144.974540557
1454698800,Friday,34,201,Flinders St-Spark La,-37.8153798501,144.974150496
1454698800,Friday,39,185,Alfred Place,-37.8137974851,144.969957454
1454698800,Friday,38,3574,Flinders St-Swanston St (West),-37.8172343725,144.967150328
1454698800,Friday,37,504,Lygon St (East),-37.8031027095,144.966714517
1454698800,Friday,40,257,Lonsdale St-Spring St (West),-37.8099934058,144.972275879
1454698800,Friday,36,261,Queen St (West),-37.8165252683,144.961210625
1454698800,Friday,29,567,St Kilda Rd-Alexandra Gardens,-37.8196580838,144.968634533
1454698800,Friday,32,1744,City Square,-37.8157374167,144.966857178
1454698800,Friday,42,108,Grattan St-Swanston St (West),-37.8000856548,144.963864122
1454698800,Friday,43,72,Monash Rd-Swanston St (West),-37.7984452525,144.964117822
1454698800,Friday,44,57,Tin Alley-Swanston St (West),-37.7969047301,144.964403781
1454702400,Friday,4,2022,Town Hall (West),-37.814879876,144.966087801
1454702400,Friday,17,292,Collins Place (South),-37.813625424,144.973235917
1454702400,Friday,18,192,Collins Place (North),-37.8134486107,144.973053539
1454702400,Friday,16,432,Australia on Collins,-37.8157342253,144.965210439
1454702400,Friday,2,676,Bourke Street Mall (South),-37.8138066724,144.965167186
1454702400,Friday,1,1538,Bourke Street Mall (North),-37.8134944036,144.965153238
1454702400,Friday,13,310,Flagstaff Station,-37.812396787,144.956526528
1454702400,Friday,3,2454,Melbourne Central,-37.8110152342,144.964294852
1454702400,Friday,15,1249,State Library,-37.8106437831,144.964471323
1454702400,Friday,9,178,Southern Cross Station,-37.819829917,144.951025558
1454702400,Friday,10,180,Victoria Point,-37.8187647328,144.947105451
1454702400,Friday,12,868,New Quay,-37.814579872,144.942923981
1454702400,Friday,11,399,Waterfront City,-37.8156498889,144.939706948
1454702400,Friday,8,153,Webb Bridge,-37.8229354264,144.947175107
1454702400,Friday,7,275,Birrarung Marr,-37.8183237507,144.97141482
1454702400,Friday,5,2610,Princes Bridge,-37.8187424894,144.967876563
1454702400,Friday,6,2232,Flinders Street Station Underpass,-37.8191170445,144.965582559
1454702400,Friday,14,1162,Sandridge Bridge,-37.8201124167,144.962918975
1454702400,Friday,26,398,QV Market-Elizabeth St (West),-37.8086954215,144.960494039
1454702400,Friday,24,870,Spencer St-Collins St (North),-37.8188796214,144.954491981
1454702400,Friday,23,249,Spencer St-Collins St (South),-37.8190925594,144.95452749
1454702400,Friday,25,828,Melbourne Convention Exhibition Centre,-37.8240177591,144.956044264
1454702400,Friday,21,1226,Bourke St-Russell St (West),-37.8124470265,144.967787572
1454702400,Friday,20,996,Chinatown-Lt Bourke St (South),-37.8117291347,144.968246601
1454702400,Friday,19,1376,Chinatown-Swanston St (North),-37.8123720171,144.965506711
1454702400,Friday,22,1852,Flinders St-Elizabeth St (East),-37.8178644478,144.965068228
1454702400,Friday,27,107,QV Market-Peel St,-37.8060688792,144.95644693
1454702400,Friday,28,1519,The Arts Centre,-37.8212992425,144.968793093
1454702400,Friday,31,998,Lygon St (West),-37.8016968047,144.966589115
1454702400,Friday,30,1102,Lonsdale St (South),-37.811218492,144.966568066
1454702400,Friday,33,109,Flinders St-Spring St (West),-37.8148325158,144.974540557
1454702400,Friday,34,151,Flinders St-Spark La,-37.8153798501,144.974150496
1454702400,Friday,39,186,Alfred Place,-37.8137974851,144.969957454
1454702400,Friday,38,3522,Flinders St-Swanston St (West),-37.8172343725,144.967150328
1454702400,Friday,37,527,Lygon St (East),-37.8031027095,144.966714517
1454702400,Friday,40,259,Lonsdale St-Spring St (West),-37.8099934058,144.972275879
1454702400,Friday,36,216,Queen St (West),-37.8165252683,144.961210625
1454702400,Friday,29,513,St Kilda Rd-Alexandra Gardens,-37.8196580838,144.968634533
1454702400,Friday,32,1853,City Square,-37.8157374167,144.966857178
1454702400,Friday,42,107,Grattan St-Swanston St (West),-37.8000856548,144.963864122
1454702400,Friday,43,66,Monash Rd-Swanston St (West),-37.7984452525,144.964117822
1454702400,Friday,44,60,Tin Alley-Swanston St (West),-37.7969047301,144.964403781
1454706000,Friday,4,1906,Town Hall (West),-37.814879876,144.966087801
1454706000,Friday,17,279,Collins Place (South),-37.813625424,144.973235917
1454706000,Friday,18,157,Collins Place (North),-37.8134486107,144.973053539
1454706000,Friday,16,379,Australia on Collins,-37.8157342253,144.965210439
1454706000,Friday,2,474,Bourke Street Mall (South),-37.8138066724,144.965167186
1454706000,Friday,1,788,Bourke Street Mall (North),-37.8134944036,144.965153238
1454706000,Friday,13,234,Flagstaff Station,-37.812396787,144.956526528
1454706000,Friday,3,2099,Melbourne Central,-37.8110152342,144.964294852
1454706000,Friday,15,914,State Library,-37.8106437831,144.964471323
1454706000,Friday,9,191,Southern Cross Station,-37.819829917,144.951025558
1454706000,Friday,10,120,Victoria Point,-37.8187647328,144.947105451
1454706000,Friday,12,492,New Quay,-37.814579872,144.942923981
1454706000,Friday,11,199,Waterfront City,-37.8156498889,144.939706948
1454706000,Friday,8,117,Webb Bridge,-37.8229354264,144.947175107
1454706000,Friday,7,1420,Birrarung Marr,-37.8183237507,144.97141482
1454706000,Friday,5,3269,Princes Bridge,-37.8187424894,144.967876563
1454706000,Friday,6,2161,Flinders Street Station Underpass,-37.8191170445,144.965582559
1454706000,Friday,14,987,Sandridge Bridge,-37.8201124167,144.962918975
1454706000,Friday,26,362,QV Market-Elizabeth St (West),-37.8086954215,144.960494039
1454706000,Friday,24,797,Spencer St-Collins St (North),-37.8188796214,144.954491981
1454706000,Friday,23,209,Spencer St-Collins St (South),-37.8190925594,144.95452749
1454706000,Friday,25,522,Melbourne Convention Exhibition Centre,-37.8240177591,144.956044264
1454706000,Friday,21,1296,Bourke St-Russell St (West),-37.8124470265,144.967787572
1454706000,Friday,20,829,Chinatown-Lt Bourke St (South),-37.8117291347,144.968246601
1454706000,Friday,19,1068,Chinatown-Swanston St (North),-37.8123720171,144.965506711
1454706000,Friday,22,1561,Flinders St-Elizabeth St (East),-37.8178644478,144.965068228
1454706000,Friday,27,108,QV Market-Peel St,-37.8060688792,144.95644693
1454706000,Friday,28,2347,The Arts Centre,-37.8212992425,144.968793093
1454706000,Friday,31,1071,Lygon St (West),-37.8016968047,144.966589115
1454706000,Friday,30,1078,Lonsdale St (South),-37.811218492,144.966568066
1454706000,Friday,33,197,Flinders St-Spring St (West),-37.8148325158,144.974540557
1454706000,Friday,34,456,Flinders St-Spark La,-37.8153798501,144.974150496
1454706000,Friday,39,164,Alfred Place,-37.8137974851,144.969957454
1454706000,Friday,38,3846,Flinders St-Swanston St (West),-37.8172343725,144.967150328
1454706000,Friday,37,421,Lygon St (East),-37.8031027095,144.966714517
1454706000,Friday,40,351,Lonsdale St-Spring St (West),-37.8099934058,144.972275879
1454706000,Friday,36,291,Queen St (West),-37.8165252683,144.961210625
1454706000,Friday,29,738,St Kilda Rd-Alexandra Gardens,-37.8196580838,144.968634533
1454706000,Friday,32,2107,City Square,-37.8157374167,144.966857178
1454706000,Friday,42,41,Grattan St-Swanston St (West),-37.8000856548,144.963864122
1454706000,Friday,43,24,Monash Rd-Swanston St (West),-37.7984452525,144.964117822
1454706000,Friday,44,19,Tin Alley-Swanston St (West),-37.7969047301,144.964403781
1454709600,Friday,4,1201,Town Hall (West),-37.814879876,144.966087801
1454709600,Friday,17,187,Collins Place (South),-37.813625424,144.973235917
1454709600,Friday,18,113,Collins Place (North),-37.8134486107,144.973053539
1454709600,Friday,16,299,Australia on Collins,-37.8157342253,144.965210439
1454709600,Friday,2,264,Bourke Street Mall (South),-37.8138066724,144.965167186
1454709600,Friday,1,491,Bourke Street Mall (North),-37.8134944036,144.965153238
1454709600,Friday,13,181,Flagstaff Station,-37.812396787,144.956526528
1454709600,Friday,3,1719,Melbourne Central,-37.8110152342,144.964294852
1454709600,Friday,15,594,State Library,-37.8106437831,144.964471323
1454709600,Friday,9,58,Southern Cross Station,-37.819829917,144.951025558
1454709600,Friday,10,46,Victoria Point,-37.8187647328,144.947105451
1454709600,Friday,12,182,New Quay,-37.814579872,144.942923981
1454709600,Friday,11,64,Waterfront City,-37.8156498889,144.939706948
1454709600,Friday,8,44,Webb Bridge,-37.8229354264,144.947175107
1454709600,Friday,7,198,Birrarung Marr,-37.8183237507,144.97141482
1454709600,Friday,5,1362,Princes Bridge,-37.8187424894,144.967876563
1454709600,Friday,6,1575,Flinders Street Station Underpass,-37.8191170445,144.965582559
1454709600,Friday,14,585,Sandridge Bridge,-37.8201124167,144.962918975
1454709600,Friday,26,250,QV Market-Elizabeth St (West),-37.8086954215,144.960494039
1454709600,Friday,24,520,Spencer St-Collins St (North),-37.8188796214,144.954491981
1454709600,Friday,23,124,Spencer St-Collins St (South),-37.8190925594,144.95452749
1454709600,Friday,25,514,Melbourne Convention Exhibition Centre,-37.8240177591,144.956044264
1454709600,Friday,21,850,Bourke St-Russell St (West),-37.8124470265,144.967787572
1454709600,Friday,20,526,Chinatown-Lt Bourke St (South),-37.8117291347,144.968246601
1454709600,Friday,19,790,Chinatown-Swanston St (North),-37.8123720171,144.965506711
1454709600,Friday,22,1198,Flinders St-Elizabeth St (East),-37.8178644478,144.965068228
1454709600,Friday,27,69,QV Market-Peel St,-37.8060688792,144.95644693
1454709600,Friday,28,611,The Arts Centre,-37.8212992425,144.968793093
1454709600,Friday,31,823,Lygon St (West),-37.8016968047,144.966589115
1454709600,Friday,30,943,Lonsdale St (South),-37.811218492,144.966568066
1454709600,Friday,33,98,Flinders St-Spring St (West),-37.8148325158,144.974540557
1454709600,Friday,34,162,Flinders St-Spark La,-37.8153798501,144.974150496
1454709600,Friday,39,73,Alfred Place,-37.8137974851,144.969957454
1454709600,Friday,38,2582,Flinders St-Swanston St (West),-37.8172343725,144.967150328
1454709600,Friday,37,292,Lygon St (East),-37.8031027095,144.966714517
1454709600,Friday,40,178,Lonsdale St-Spring St (West),-37.8099934058,144.972275879
1454709600,Friday,36,392,Queen St (West),-37.8165252683,144.961210625
1454709600,Friday,29,220,St Kilda Rd-Alexandra Gardens,-37.8196580838,144.968634533
1454709600,Friday,32,1091,City Square,-37.8157374167,144.966857178
1454709600,Friday,42,37,Grattan St-Swanston St (West),-37.8000856548,144.963864122
1454709600,Friday,43,45,Monash Rd-Swanston St (West),-37.7984452525,144.964117822
1454709600,Friday,44,24,Tin Alley-Swanston St (West),-37.7969047301,144.964403781
